ID,STATE,DESTINATION,COUNTY/LOCATION DEFINED,SEASON BEGIN,SEASON END,FY25 Lodging Rate,FY25 M&IE
,,Standard CONUS rate applies to all counties not specifically listed. Cities not listed may be located in a listed county.,,,,$110,$68
1,AL,Birmingham,Jefferson,,,$ 126,$ 80
2,AL,Gulf Shores,Baldwin,October 1,February 28,$ 134,$ 74
2,AL,Gulf Shores,Baldwin,March 1,May 31,$ 163,$ 74
2,AL,Gulf Shores,Baldwin,June 1,July 31,$ 216,$ 74
2,AL,Gulf Shores,Baldwin,August 1,September 30,$ 134,$ 74
3,AL,Huntsville,Madison,October 1,March 31,$ 141,$ 74
3,AL,Huntsville,Madison,April 1,July 31,$ 134,$ 74
3,AL,Huntsville,Madison,August 1,September 30,$ 141,$ 74
460,AL,Mobile,Mobile,,,$ 114,$ 74
6,AR,Hot Springs,Garland,,,$ 114,$ 68
9,AZ,Grand Canyon / Flagstaff,Coconino / Yavapai less the city of Sedona,October 1,October 31,$ 144,$ 80
9,AZ,Grand Canyon / Flagstaff,Coconino / Yavapai less the city of Sedona,November 1,February 28,$ 110,$ 80
9,AZ,Grand Canyon / Flagstaff,Coconino / Yavapai less the city of Sedona,March 1,September 30,$ 144,$ 80
8,AZ,Kayenta,Navajo,,,$ 145,$ 74
10,AZ,Phoenix / Scottsdale,Maricopa,October 1,January 31,$ 160,$ 86
10,AZ,Phoenix / Scottsdale,Maricopa,February 1,March 31,$ 229,$ 86
10,AZ,Phoenix / Scottsdale,Maricopa,April 1,May 31,$ 161,$ 86
10,AZ,Phoenix / Scottsdale,Maricopa,June 1,August 31,$ 113,$ 86
10,AZ,Phoenix / Scottsdale,Maricopa,September 1,September 30,$ 160,$ 86
11,AZ,Sedona,City Limits of Sedona,October 1,December 31,$ 213,$ 92
11,AZ,Sedona,City Limits of Sedona,January 1,February 28,$ 164,$ 92
11,AZ,Sedona,City Limits of Sedona,March 1,April 30,$ 274,$ 92
11,AZ,Sedona,City Limits of Sedona,May 1,August 31,$ 183,$ 92
11,AZ,Sedona,City Limits of Sedona,September 1,September 30,$ 213,$ 92
12,AZ,Tucson,Pima,October 1,December 31,$ 123,$ 80
12,AZ,Tucson,Pima,January 1,March 31,$ 171,$ 80
12,AZ,Tucson,Pima,April 1,September 30,$ 123,$ 80
14,CA,Antioch / Brentwood / Concord,Contra Costa,,,$ 147,$ 86
481,CA,Bakersfield / Ridgecrest,Kern,,,$ 132,$ 74
16,CA,Barstow / Ontario / Victorville,San Bernardino,,,$ 124,$ 86
20,CA,Death Valley,Inyo / NAWS China Lake,,,$ 142,$ 80
461,CA,Eureka / Arcata / McKinleyville,Humboldt,October 1,May 31,$ 125,$ 86
461,CA,Eureka / Arcata / McKinleyville,Humboldt,June 1,August 31,$ 172,$ 86
461,CA,Eureka / Arcata / McKinleyville,Humboldt,September 1,September 30,$ 125,$ 86
21,CA,Fresno,Fresno,,,$ 129,$ 86
22,CA,Los Angeles,Los Angeles / Orange / Ventura / Edwards AFB less the city of Santa Monica,,,$ 191,$ 86
23,CA,Mammoth Lakes,Mono,October 1,November 30,$ 139,$ 86
23,CA,Mammoth Lakes,Mono,December 1,March 31,$ 195,$ 86
23,CA,Mammoth Lakes,Mono,April 1,September 30,$ 139,$ 86
24,CA,Mill Valley / San Rafael / Novato,Marin,October 1,May 31,$ 153,$ 92
24,CA,Mill Valley / San Rafael / Novato,Marin,June 1,September 30,$ 175,$ 92
26,CA,Monterey,Monterey,October 1,January 31,$ 191,$ 92
26,CA,Monterey,Monterey,February 1,June 30,$ 199,$ 92
26,CA,Monterey,Monterey,July 1,August 31,$ 279,$ 92
26,CA,Monterey,Monterey,September 1,September 30,$ 191,$ 92
27,CA,Napa,Napa,October 1,November 30,$ 246,$ 92
27,CA,Napa,Napa,December 1,January 31,$ 172,$ 92
27,CA,Napa,Napa,February 1,September 30,$ 246,$ 92
28,CA,Oakhurst,Madera ,,,$ 135,$ 80
29,CA,Oakland,Alameda,,,$ 145,$ 92
30,CA,Palm Springs,Riverside,October 1,April 30,$ 186,$ 86
30,CA,Palm Springs,Riverside,May 1,September 30,$ 141,$ 86
31,CA,Point Arena / Gualala,Mendocino,,,$ 129,$ 86
33,CA,Sacramento,Sacramento,,,$ 150,$ 86
34,CA,San Diego,San Diego,October 1,May 31,$ 199,$ 86
34,CA,San Diego,San Diego,June 1,July 31,$ 237,$ 86
34,CA,San Diego,San Diego,August 1,September 30,$ 199,$ 86
35,CA,San Francisco,San Francisco,October 1,December 31,$ 272,$ 92
35,CA,San Francisco,San Francisco,January 1,August 31,$ 259,$ 92
35,CA,San Francisco,San Francisco,September 1,September 30,$ 272,$ 92
36,CA,San Luis Obispo,San Luis Obispo,October 1,May 31,$ 163,$ 86
36,CA,San Luis Obispo,San Luis Obispo,June 1,July 31,$ 203,$ 86
36,CA,San Luis Obispo,San Luis Obispo,August 1,September 30,$ 163,$ 86
37,CA,San Mateo / Foster City / Belmont,San Mateo,,,$ 183,$ 86
38,CA,Santa Barbara,Santa Barbara,October 1,June 30,$ 205,$ 92
38,CA,Santa Barbara,Santa Barbara,July 1,August 31,$ 262,$ 92
38,CA,Santa Barbara,Santa Barbara,September 1,September 30,$ 205,$ 92
39,CA,Santa Cruz,Santa Cruz,October 1,May 31,$ 139,$ 86
39,CA,Santa Cruz,Santa Cruz,June 1,August 31,$ 176,$ 86
39,CA,Santa Cruz,Santa Cruz,September 1,September 30,$ 139,$ 86
40,CA,Santa Monica ,City limits of Santa Monica,,,$ 273,$ 92
41,CA,Santa Rosa,Sonoma,,,$ 157,$ 86
42,CA,South Lake Tahoe,El Dorado,October 1,November 30,$ 141,$ 86
42,CA,South Lake Tahoe,El Dorado,December 1,March 31,$ 247,$ 86
42,CA,South Lake Tahoe,El Dorado,April 1,May 31,$ 143,$ 86
42,CA,South Lake Tahoe,El Dorado,June 1,August 31,$ 171,$ 86
42,CA,South Lake Tahoe,El Dorado,September 1,September 30,$ 141,$ 86
43,CA,Stockton ,San Joaquin,,,$ 132,$ 74
44,CA,Sunnyvale / Palo Alto / San Jose,Santa Clara,,,$ 192,$ 92
45,CA,Tahoe City,Placer,,,$ 131,$ 86
46,CA,Truckee,Nevada ,October 1,November 30,$ 142,$ 86
46,CA,Truckee,Nevada ,December 1,February 28,$ 169,$ 86
46,CA,Truckee,Nevada ,March 1,May 31,$ 146,$ 86
46,CA,Truckee,Nevada ,June 1,August 31,$ 173,$ 86
46,CA,Truckee,Nevada ,September 1,September 30,$ 142,$ 86
47,CA,Visalia,Tulare,,,$ 131,$ 80
48,CA,West Sacramento / Davis,Yolo,,,$ 142,$ 80
49,CA,Yosemite National Park,Mariposa,October 1,December 31,$ 181,$ 86
49,CA,Yosemite National Park,Mariposa,January 1,April 30,$ 203,$ 86
49,CA,Yosemite National Park,Mariposa,May 1,September 30,$ 181,$ 86
50,CO,Aspen,Pitkin,October 1,November 30,$ 207,$ 92
50,CO,Aspen,Pitkin,December 1,March 31,$ 407,$ 92
50,CO,Aspen,Pitkin,April 1,September 30,$ 207,$ 92
52,CO,Boulder / Broomfield,Boulder / Broomfield,October 1,October 31,$ 173,$ 80
52,CO,Boulder / Broomfield,Boulder / Broomfield,November 1,April 30,$ 125,$ 80
52,CO,Boulder / Broomfield,Boulder / Broomfield,May 1,September 30,$ 173,$ 80
53,CO,Colorado Springs,El Paso,October 1,May 31,$ 123,$ 86
53,CO,Colorado Springs,El Paso,June 1,August 31,$ 168,$ 86
53,CO,Colorado Springs,El Paso,September 1,September 30,$ 123,$ 86
54,CO,Cortez,Montezuma,October 1,October 31,$ 133,$ 74
54,CO,Cortez,Montezuma,November 1,April 30,$ 110,$ 74
54,CO,Cortez,Montezuma,May 1,September 30,$ 133,$ 74
55,CO,Crested Butte / Gunnison,Gunnison,,,$ 154,$ 86
56,CO,Denver / Aurora,Denver / Adams / Arapahoe / Jefferson,October 1,October 31,$ 215,$ 92
56,CO,Denver / Aurora,Denver / Adams / Arapahoe / Jefferson,November 1,March 31,$ 165,$ 92
56,CO,Denver / Aurora,Denver / Adams / Arapahoe / Jefferson,April 1,September 30,$ 215,$ 92
427,CO,Douglas ,Douglas,October 1,May 31,$ 111,$ 80
427,CO,Douglas ,Douglas,June 1,August 31,$ 142,$ 80
427,CO,Douglas ,Douglas,September 1,September 30,$ 111,$ 80
57,CO,Durango,La Plata,October 1,May 31,$ 121,$ 80
57,CO,Durango,La Plata,June 1,September 30,$ 184,$ 80
58,CO,Fort Collins / Loveland,Larimer,October 1,May 31,$ 110,$ 80
58,CO,Fort Collins / Loveland,Larimer,June 1,August 31,$ 140,$ 80
58,CO,Fort Collins / Loveland,Larimer,September 1,September 30,$ 110,$ 80
493,CO,Grand Lake,Grand,October 1,November 30,$ 145,$ 86
493,CO,Grand Lake,Grand,December 1,March 31,$ 173,$ 86
493,CO,Grand Lake,Grand,April 1,May 31,$ 122,$ 86
493,CO,Grand Lake,Grand,June 1,September 30,$ 145,$ 86
61,CO,Montrose,Montrose,October 1,October 31,$ 185,$ 74
61,CO,Montrose,Montrose,November 1,May 31,$ 136,$ 74
61,CO,Montrose,Montrose,June 1,September 30,$ 185,$ 74
63,CO,Silverthorne / Breckenridge,Summit,October 1,November 30,$ 162,$ 92
63,CO,Silverthorne / Breckenridge,Summit,December 1,March 31,$ 282,$ 92
63,CO,Silverthorne / Breckenridge,Summit,April 1,September 30,$ 162,$ 92
64,CO,Steamboat Springs,Routt,October 1,November 30,$ 132,$ 92
64,CO,Steamboat Springs,Routt,December 1,March 31,$ 288,$ 92
64,CO,Steamboat Springs,Routt,April 1,May 31,$ 123,$ 92
64,CO,Steamboat Springs,Routt,June 1,September 30,$ 179,$ 92
65,CO,Telluride,San Miguel,October 1,November 30,$ 184,$ 92
65,CO,Telluride,San Miguel,December 1,March 31,$ 350,$ 92
65,CO,Telluride,San Miguel,April 1,September 30,$ 184,$ 92
66,CO,Vail,Eagle,October 1,November 30,$ 201,$ 92
66,CO,Vail,Eagle,December 1,March 31,$ 397,$ 92
66,CO,Vail,Eagle,April 1,September 30,$ 201,$ 92
67,CT,Bridgeport / Danbury,Fairfield,,,$ 146,$ 86
69,CT,Hartford,Hartford,,,$ 138,$ 80
71,CT,New Haven,New Haven,,,$ 130,$ 80
72,CT,New London / Groton,New London,,,$ 124,$ 86
75,DC,District of Columbia,"Washington DC (also the cities of Alexandria, Falls Church and Fairfax, and the counties of Arlington and Fairfax, in Virginia; and the counties of Montgomery and Prince George's in Maryland)",October 1,October 31,$ 275,$ 92
75,DC,District of Columbia,"Washington DC (also the cities of Alexandria, Falls Church and Fairfax, and the counties of Arlington and Fairfax, in Virginia; and the counties of Montgomery and Prince George's in Maryland)",November 1,February 28,$ 196,$ 92
75,DC,District of Columbia,"Washington DC (also the cities of Alexandria, Falls Church and Fairfax, and the counties of Arlington and Fairfax, in Virginia; and the counties of Montgomery and Prince George's in Maryland)",March 1,June 30,$ 276,$ 92
75,DC,District of Columbia,"Washington DC (also the cities of Alexandria, Falls Church and Fairfax, and the counties of Arlington and Fairfax, in Virginia; and the counties of Montgomery and Prince George's in Maryland)",July 1,August 31,$ 183,$ 92
75,DC,District of Columbia,"Washington DC (also the cities of Alexandria, Falls Church and Fairfax, and the counties of Arlington and Fairfax, in Virginia; and the counties of Montgomery and Prince George's in Maryland)",September 1,September 30,$ 275,$ 92
77,DE,Lewes,Sussex,October 1,May 31,$ 124,$ 74
77,DE,Lewes,Sussex,June 1,August 31,$ 221,$ 74
77,DE,Lewes,Sussex,September 1,September 30,$ 124,$ 74
78,DE,Wilmington,New Castle,,,$ 127,$ 74
99,FL,Boca Raton / Delray Beach / Jupiter,Palm Beach / Hendry,October 1,December 31,$ 171,$ 86
99,FL,Boca Raton / Delray Beach / Jupiter,Palm Beach / Hendry,January 1,April 30,$ 244,$ 86
99,FL,Boca Raton / Delray Beach / Jupiter,Palm Beach / Hendry,May 1,September 30,$ 143,$ 86
80,FL,Bradenton,Manatee,October 1,January 31,$ 151,$ 80
80,FL,Bradenton,Manatee,February 1,March 31,$ 225,$ 80
80,FL,Bradenton,Manatee,April 1,September 30,$ 145,$ 80
81,FL,Cocoa Beach,Brevard,October 1,January 31,$ 166,$ 74
81,FL,Cocoa Beach,Brevard,February 1,March 31,$ 208,$ 74
81,FL,Cocoa Beach,Brevard,April 1,September 30,$ 166,$ 74
82,FL,Daytona Beach,Volusia,October 1,December 31,$ 116,$ 80
82,FL,Daytona Beach,Volusia,January 1,April 30,$ 157,$ 80
82,FL,Daytona Beach,Volusia,May 1,July 31,$ 138,$ 80
82,FL,Daytona Beach,Volusia,August 1,September 30,$ 116,$ 80
84,FL,Fort Lauderdale,Broward,October 1,December 31,$ 172,$ 86
84,FL,Fort Lauderdale,Broward,January 1,April 30,$ 224,$ 86
84,FL,Fort Lauderdale,Broward,May 1,September 30,$ 143,$ 86
85,FL,Fort Myers,Lee,October 1,December 31,$ 139,$ 80
85,FL,Fort Myers,Lee,January 1,March 31,$ 216,$ 80
85,FL,Fort Myers,Lee,April 1,September 30,$ 139,$ 80
83,FL,Fort Walton Beach / De Funiak Springs,Okaloosa / Walton,October 1,October 31,$ 164,$ 86
83,FL,Fort Walton Beach / De Funiak Springs,Okaloosa / Walton,November 1,February 28,$ 110,$ 86
83,FL,Fort Walton Beach / De Funiak Springs,Okaloosa / Walton,March 1,May 31,$ 184,$ 86
83,FL,Fort Walton Beach / De Funiak Springs,Okaloosa / Walton,June 1,July 31,$ 260,$ 86
83,FL,Fort Walton Beach / De Funiak Springs,Okaloosa / Walton,August 1,September 30,$ 164,$ 86
89,FL,Gulf Breeze,Santa Rosa,October 1,February 28,$ 124,$ 74
89,FL,Gulf Breeze,Santa Rosa,March 1,May 31,$ 161,$ 74
89,FL,Gulf Breeze,Santa Rosa,June 1,July 31,$ 214,$ 74
89,FL,Gulf Breeze,Santa Rosa,August 1,September 30,$ 124,$ 74
91,FL,Key West,Monroe,October 1,November 30,$ 269,$ 86
91,FL,Key West,Monroe,December 1,January 31,$ 366,$ 86
91,FL,Key West,Monroe,February 1,April 30,$ 436,$ 86
91,FL,Key West,Monroe,May 1,September 30,$ 258,$ 86
95,FL,Miami,Miami-Dade,October 1,November 30,$ 145,$ 92
95,FL,Miami,Miami-Dade,December 1,January 31,$ 210,$ 92
95,FL,Miami,Miami-Dade,February 1,March 31,$ 232,$ 92
95,FL,Miami,Miami-Dade,April 1,May 31,$ 182,$ 92
95,FL,Miami,Miami-Dade,June 1,September 30,$ 145,$ 92
96,FL,Naples,Collier,October 1,November 30,$ 164,$ 80
96,FL,Naples,Collier,December 1,January 31,$ 257,$ 80
96,FL,Naples,Collier,February 1,April 30,$ 314,$ 80
96,FL,Naples,Collier,May 1,September 30,$ 164,$ 80
98,FL,Orlando,Orange,October 1,December 31,$ 140,$ 80
98,FL,Orlando,Orange,January 1,March 31,$ 169,$ 80
98,FL,Orlando,Orange,April 1,September 30,$ 140,$ 80
100,FL,Panama City,Bay,October 1,February 28,$ 110,$ 80
100,FL,Panama City,Bay,March 1,May 31,$ 147,$ 80
100,FL,Panama City,Bay,June 1,July 31,$ 194,$ 80
100,FL,Panama City,Bay,August 1,September 30,$ 110,$ 80
101,FL,Pensacola ,Escambia,October 1,February 28,$ 120,$ 74
101,FL,Pensacola ,Escambia,March 1,May 31,$ 149,$ 74
101,FL,Pensacola ,Escambia,June 1,July 31,$ 190,$ 74
101,FL,Pensacola ,Escambia,August 1,September 30,$ 120,$ 74
102,FL,Punta Gorda,Charlotte,October 1,January 31,$ 124,$ 74
102,FL,Punta Gorda,Charlotte,February 1,March 31,$ 192,$ 74
102,FL,Punta Gorda,Charlotte,April 1,September 30,$ 124,$ 74
103,FL,Sarasota,Sarasota,October 1,January 31,$ 145,$ 86
103,FL,Sarasota,Sarasota,February 1,April 30,$ 205,$ 86
103,FL,Sarasota,Sarasota,May 1,September 30,$ 131,$ 86
104,FL,Sebring,Highlands,October 1,January 31,$ 126,$ 74
104,FL,Sebring,Highlands,February 1,March 31,$ 219,$ 74
104,FL,Sebring,Highlands,April 1,September 30,$ 126,$ 74
105,FL,St. Augustine,St. Johns,October 1,November 30,$ 151,$ 80
105,FL,St. Augustine,St. Johns,December 1,March 31,$ 170,$ 80
105,FL,St. Augustine,St. Johns,April 1,September 30,$ 151,$ 80
106,FL,Stuart,Martin,October 1,January 31,$ 129,$ 80
106,FL,Stuart,Martin,February 1,March 31,$ 214,$ 80
106,FL,Stuart,Martin,April 1,September 30,$ 129,$ 80
107,FL,Tallahassee,Leon,October 1,December 31,$ 113,$ 80
107,FL,Tallahassee,Leon,January 1,April 30,$ 138,$ 80
107,FL,Tallahassee,Leon,May 1,September 30,$ 113,$ 80
108,FL,Tampa / St. Petersburg,Pinellas / Hillsborough,October 1,January 31,$ 148,$ 80
108,FL,Tampa / St. Petersburg,Pinellas / Hillsborough,February 1,April 30,$ 200,$ 80
108,FL,Tampa / St. Petersburg,Pinellas / Hillsborough,May 1,September 30,$ 148,$ 80
109,FL,Vero Beach,Indian River,October 1,November 30,$ 181,$ 74
109,FL,Vero Beach,Indian River,December 1,April 30,$ 259,$ 74
109,FL,Vero Beach,Indian River,May 1,September 30,$ 181,$ 74
110,GA,Athens,Clarke,,,$ 136,$ 74
111,GA,Atlanta,Fulton / Dekalb,October 1,December 31,$ 182,$ 86
111,GA,Atlanta,Fulton / Dekalb,January 1,March 31,$ 197,$ 86
111,GA,Atlanta,Fulton / Dekalb,April 1,September 30,$ 182,$ 86
413,GA,Augusta,Richmond,October 1,April 30,$ 125,$ 74
413,GA,Augusta,Richmond,May 1,June 30,$ 110,$ 74
413,GA,Augusta,Richmond,July 1,September 30,$ 125,$ 74
115,GA,Jekyll Island / Brunswick,Glynn,October 1,February 28,$ 172,$ 86
115,GA,Jekyll Island / Brunswick,Glynn,March 1,July 31,$ 223,$ 86
115,GA,Jekyll Island / Brunswick,Glynn,August 1,September 30,$ 172,$ 86
494,GA,Marietta,Cobb,,,$ 126,$ 74
116,GA,Savannah,Chatham,October 1,February 28,$ 147,$ 80
116,GA,Savannah,Chatham,March 1,April 30,$ 176,$ 80
116,GA,Savannah,Chatham,May 1,September 30,$ 147,$ 80
476,IA,Dallas,Dallas,,,$ 115,$ 80
118,IA,Des Moines,Polk,,,$ 121,$ 80
495,ID,Boise,Ada,October 1,October 31,$ 191,$ 86
495,ID,Boise,Ada,November 1,May 31,$ 167,$ 86
495,ID,Boise,Ada,June 1,September 30,$ 191,$ 86
120,ID,Coeur d'Alene,Kootenai,October 1,May 31,$ 142,$ 74
120,ID,Coeur d'Alene,Kootenai,June 1,August 31,$ 217,$ 74
120,ID,Coeur d'Alene,Kootenai,September 1,September 30,$ 142,$ 74
122,ID,Sun Valley / Ketchum,Blaine / Elmore,October 1,November 30,$ 191,$ 80
122,ID,Sun Valley / Ketchum,Blaine / Elmore,December 1,March 31,$ 300,$ 80
122,ID,Sun Valley / Ketchum,Blaine / Elmore,April 1,May 31,$ 181,$ 80
122,ID,Sun Valley / Ketchum,Blaine / Elmore,June 1,September 30,$ 295,$ 80
422,IL,Bolingbrook / Romeoville / Lemont,Will,,,$ 114,$ 74
123,IL,Chicago,Cook / Lake,October 1,November 30,$ 223,$ 92
123,IL,Chicago,Cook / Lake,December 1,March 31,$ 142,$ 92
123,IL,Chicago,Cook / Lake,April 1,June 30,$ 234,$ 92
123,IL,Chicago,Cook / Lake,July 1,August 31,$ 202,$ 92
123,IL,Chicago,Cook / Lake,September 1,September 30,$ 223,$ 92
462,IL,East St. Louis / O'Fallon / Fairview Heights,St. Clair,,,$ 150,$ 86
124,IL,Oak Brook Terrace,DuPage,,,$ 115,$ 80
127,IN,Bloomington ,Monroe,October 1,April 30,$ 110,$ 74
127,IN,Bloomington ,Monroe,May 1,August 31,$ 139,$ 74
127,IN,Bloomington ,Monroe,September 1,September 30,$ 110,$ 74
130,IN,Indianapolis / Carmel,Marion / Hamilton,,,$ 133,$ 80
131,IN,Lafayette / West Lafayette,Tippecanoe,October 1,July 31,$ 123,$ 74
131,IN,Lafayette / West Lafayette,Tippecanoe,August 1,September 30,$ 143,$ 74
137,KS,Kansas City / Overland Park,Wyandotte / Johnson / Leavenworth,,,$ 135,$ 80
139,KY,Boone,Boone,,,$ 116,$ 68
436,KY,Kenton,Kenton,,,$ 163,$ 86
140,KY,Lexington,Fayette,,,$ 118,$ 80
141,KY,Louisville,Jefferson,October 1,October 31,$ 164,$ 80
141,KY,Louisville,Jefferson,November 1,January 31,$ 120,$ 80
141,KY,Louisville,Jefferson,February 1,May 31,$ 155,$ 80
141,KY,Louisville,Jefferson,June 1,August 31,$ 134,$ 80
141,KY,Louisville,Jefferson,September 1,September 30,$ 164,$ 80
478,LA,Alexandria / Leesville / Natchitoches,Allen / Jefferson Davis / Natchitoches / Rapides / Vernon Parishes,,,$ 112,$ 68
144,LA,New Orleans,Orleans / Jefferson Parishes,October 1,January 31,$ 157,$ 80
144,LA,New Orleans,Orleans / Jefferson Parishes,February 1,May 31,$ 179,$ 80
144,LA,New Orleans,Orleans / Jefferson Parishes,June 1,August 31,$ 133,$ 80
144,LA,New Orleans,Orleans / Jefferson Parishes,September 1,September 30,$ 157,$ 80
147,MA,Andover,Essex,,,$ 137,$ 80
148,MA,Boston / Cambridge,"Suffolk, city of Cambridge",October 1,October 31,$ 349,$ 92
148,MA,Boston / Cambridge,"Suffolk, city of Cambridge",November 1,February 28,$ 209,$ 92
148,MA,Boston / Cambridge,"Suffolk, city of Cambridge",March 1,August 31,$ 291,$ 92
148,MA,Boston / Cambridge,"Suffolk, city of Cambridge",September 1,September 30,$ 349,$ 92
149,MA,Burlington / Woburn,Middlesex less the city of Cambridge,October 1,October 31,$ 178,$ 86
149,MA,Burlington / Woburn,Middlesex less the city of Cambridge,November 1,April 30,$ 144,$ 86
149,MA,Burlington / Woburn,Middlesex less the city of Cambridge,May 1,September 30,$ 178,$ 86
150,MA,Falmouth,City limits of Falmouth,October 1,June 30,$ 142,$ 86
150,MA,Falmouth,City limits of Falmouth,July 1,August 31,$ 253,$ 86
150,MA,Falmouth,City limits of Falmouth,September 1,September 30,$ 142,$ 86
151,MA,Hyannis,Barnstable less the city of Falmouth,October 1,June 30,$ 131,$ 92
151,MA,Hyannis,Barnstable less the city of Falmouth,July 1,August 31,$ 209,$ 92
151,MA,Hyannis,Barnstable less the city of Falmouth,September 1,September 30,$ 131,$ 92
152,MA,Martha's Vineyard,Dukes,October 1,May 31,$ 196,$ 92
152,MA,Martha's Vineyard,Dukes,June 1,September 30,$ 462,$ 92
153,MA,Nantucket,Nantucket,October 1,May 31,$ 175,$ 92
153,MA,Nantucket,Nantucket,June 1,September 30,$ 471,$ 92
154,MA,Northampton,Hampshire,,,$ 157,$ 80
155,MA,Pittsfield,Berkshire,October 1,June 30,$ 136,$ 86
155,MA,Pittsfield,Berkshire,July 1,August 31,$ 178,$ 86
155,MA,Pittsfield,Berkshire,September 1,September 30,$ 136,$ 86
156,MA,Plymouth / Taunton / New Bedford,Plymouth / Bristol,,,$ 126,$ 80
157,MA,Quincy,Norfolk,October 1,October 31,$ 175,$ 80
157,MA,Quincy,Norfolk,November 1,April 30,$ 139,$ 80
157,MA,Quincy,Norfolk,May 1,September 30,$ 175,$ 80
158,MA,Springfield,Hampden,,,$ 128,$ 74
160,MA,Worcester,Worcester,,,$ 135,$ 80
161,MD,Aberdeen / Bel Air / Belcamp,Harford,,,$ 113,$ 74
162,MD,Annapolis,Anne Arundel,October 1,October 31,$ 161,$ 80
162,MD,Annapolis,Anne Arundel,November 1,April 30,$ 125,$ 80
162,MD,Annapolis,Anne Arundel,May 1,September 30,$ 161,$ 80
163,MD,Baltimore City,Baltimore City,,,$ 150,$ 86
164,MD,Cambridge / St. Michaels,Dorchester / Talbot,October 1,May 31,$ 145,$ 80
164,MD,Cambridge / St. Michaels,Dorchester / Talbot,June 1,August 31,$ 186,$ 80
164,MD,Cambridge / St. Michaels,Dorchester / Talbot,September 1,September 30,$ 145,$ 80
473,MD,Centreville,Queen Anne,October 1,October 31,$ 154,$ 74
473,MD,Centreville,Queen Anne,November 1,April 30,$ 121,$ 74
473,MD,Centreville,Queen Anne,May 1,September 30,$ 154,$ 74
165,MD,Columbia,Howard,,,$ 113,$ 86
170,MD,Ocean City,Worcester,October 1,May 31,$ 115,$ 80
170,MD,Ocean City,Worcester,June 1,August 31,$ 295,$ 80
170,MD,Ocean City,Worcester,September 1,September 30,$ 115,$ 80
171,ME,Bar Harbor / Rockport,Hancock / Knox,October 1,October 31,$ 264,$ 92
171,ME,Bar Harbor / Rockport,Hancock / Knox,November 1,April 30,$ 128,$ 92
171,ME,Bar Harbor / Rockport,Hancock / Knox,May 1,June 30,$ 209,$ 92
171,ME,Bar Harbor / Rockport,Hancock / Knox,July 1,August 31,$ 304,$ 92
171,ME,Bar Harbor / Rockport,Hancock / Knox,September 1,September 30,$ 264,$ 92
172,ME,Kennebunk / Kittery / Sanford,York ,October 1,October 31,$ 153,$ 86
172,ME,Kennebunk / Kittery / Sanford,York ,November 1,June 30,$ 119,$ 86
172,ME,Kennebunk / Kittery / Sanford,York ,July 1,August 31,$ 201,$ 86
172,ME,Kennebunk / Kittery / Sanford,York ,September 1,September 30,$ 153,$ 86
173,ME,Portland,Cumberland / Sagadahoc,October 1,October 31,$ 199,$ 80
173,ME,Portland,Cumberland / Sagadahoc,November 1,May 31,$ 114,$ 80
173,ME,Portland,Cumberland / Sagadahoc,June 1,August 31,$ 211,$ 80
173,ME,Portland,Cumberland / Sagadahoc,September 1,September 30,$ 199,$ 80
175,MI,Ann Arbor,Washtenaw,October 1,March 31,$ 125,$ 80
175,MI,Ann Arbor,Washtenaw,April 1,August 31,$ 146,$ 80
175,MI,Ann Arbor,Washtenaw,September 1,September 30,$ 125,$ 80
178,MI,Detroit,Wayne,,,$ 152,$ 74
183,MI,Grand Rapids,Kent,,,$ 119,$ 80
184,MI,Holland,Ottawa,October 1,April 30,$ 116,$ 74
184,MI,Holland,Ottawa,May 1,August 31,$ 157,$ 74
184,MI,Holland,Ottawa,September 1,September 30,$ 116,$ 74
187,MI,Mackinac Island,Mackinac,October 1,June 30,$ 120,$ 86
187,MI,Mackinac Island,Mackinac,July 1,August 31,$ 195,$ 86
187,MI,Mackinac Island,Mackinac,September 1,September 30,$ 120,$ 86
188,MI,Midland,Midland,,,$ 120,$ 74
190,MI,Muskegon,Muskegon,October 1,May 31,$ 110,$ 68
190,MI,Muskegon,Muskegon,June 1,August 31,$ 149,$ 68
190,MI,Muskegon,Muskegon,September 1,September 30,$ 110,$ 68
192,MI,Petoskey,Emmet,October 1,October 31,$ 171,$ 86
192,MI,Petoskey,Emmet,November 1,May 31,$ 116,$ 86
192,MI,Petoskey,Emmet,June 1,August 31,$ 220,$ 86
192,MI,Petoskey,Emmet,September 1,September 30,$ 171,$ 86
193,MI,Pontiac / Auburn Hills ,Oakland,,,$ 116,$ 80
195,MI,South Haven,Van Buren,October 1,May 31,$ 110,$ 68
195,MI,South Haven,Van Buren,June 1,August 31,$ 142,$ 68
195,MI,South Haven,Van Buren,September 1,September 30,$ 110,$ 68
196,MI,Traverse City,Grand Traverse,October 1,June 30,$ 134,$ 80
196,MI,Traverse City,Grand Traverse,July 1,August 31,$ 235,$ 80
196,MI,Traverse City,Grand Traverse,September 1,September 30,$ 134,$ 80
199,MN,Duluth,St. Louis,October 1,October 31,$ 220,$ 86
199,MN,Duluth,St. Louis,November 1,May 31,$ 159,$ 86
199,MN,Duluth,St. Louis,June 1,September 30,$ 220,$ 86
201,MN,Minneapolis / St. Paul,Hennepin / Ramsey,,,$ 148,$ 92
202,MN,Rochester,Olmsted,,,$ 127,$ 80
204,MO,Kansas City,Jackson / Clay / Cass / Platte,,,$ 135,$ 80
207,MO,St. Louis,St. Louis / St. Louis City / St. Charles,,,$ 150,$ 86
477,MS,Oxford,Lafayette,,,$ 127,$ 68
447,MS,Southaven,Desoto,,,$ 126,$ 68
211,MS,Starkville ,Oktibbeha,,,$ 125,$ 68
215,MT,Big Sky / West Yellowstone/Gardiner,Gallatin/Park,October 1,May 31,$ 176,$ 80
215,MT,Big Sky / West Yellowstone/Gardiner,Gallatin/Park,June 1,September 30,$ 310,$ 80
426,MT,Helena,Lewis and Clark,,,$ 132,$ 74
496,MT,Kalispell/Whitefish,Flathead,October 1,June 30,$ 124,$ 80
496,MT,Kalispell/Whitefish,Flathead,July 1,September 30,$ 232,$ 80
213,MT,Missoula,Missoula,October 1,May 31,$ 130,$ 74
213,MT,Missoula,Missoula,June 1,September 30,$ 195,$ 74
216,NC,Asheville ,Buncombe,October 1,December 31,$ 141,$ 80
216,NC,Asheville ,Buncombe,January 1,September 30,$ 120,$ 80
217,NC,Atlantic Beach / Morehead City,Carteret,October 1,April 30,$ 123,$ 74
217,NC,Atlantic Beach / Morehead City,Carteret,May 1,August 31,$ 178,$ 74
217,NC,Atlantic Beach / Morehead City,Carteret,September 1,September 30,$ 123,$ 74
218,NC,Chapel Hill,Orange,,,$ 140,$ 80
219,NC,Charlotte,Mecklenburg,,,$ 131,$ 80
221,NC,Durham,Durham,,,$ 121,$ 74
464,NC,Fayetteville,Cumberland,,,$ 124,$ 68
222,NC,Greensboro,Guilford,October 1,October 31,$ 123,$ 74
222,NC,Greensboro,Guilford,November 1,February 28,$ 112,$ 74
222,NC,Greensboro,Guilford,March 1,September 30,$ 123,$ 74
224,NC,Kill Devil Hills,Dare,October 1,March 31,$ 133,$ 74
224,NC,Kill Devil Hills,Dare,April 1,May 31,$ 190,$ 74
224,NC,Kill Devil Hills,Dare,June 1,August 31,$ 254,$ 74
224,NC,Kill Devil Hills,Dare,September 1,September 30,$ 133,$ 74
227,NC,Raleigh,Wake,,,$ 131,$ 74
229,NC,Wilmington,New Hanover,October 1,October 31,$ 147,$ 74
229,NC,Wilmington,New Hanover,November 1,February 28,$ 110,$ 74
229,NC,Wilmington,New Hanover,March 1,September 30,$ 147,$ 74
231,NE,Omaha,Douglas,,,$ 122,$ 80
232,NH,Concord,Merrimack,,,$ 124,$ 74
233,NH,Conway,Caroll,October 1,February 28,$ 144,$ 80
233,NH,Conway,Caroll,March 1,June 30,$ 118,$ 80
233,NH,Conway,Caroll,July 1,August 31,$ 161,$ 80
233,NH,Conway,Caroll,September 1,September 30,$ 144,$ 80
234,NH,Durham,Strafford,October 1,June 30,$ 125,$ 74
234,NH,Durham,Strafford,July 1,August 31,$ 152,$ 74
234,NH,Durham,Strafford,September 1,September 30,$ 125,$ 74
235,NH,Laconia,Belknap,October 1,October 31,$ 182,$ 74
235,NH,Laconia,Belknap,November 1,May 31,$ 140,$ 74
235,NH,Laconia,Belknap,June 1,September 30,$ 182,$ 74
236,NH,Lebanon / Lincoln / West Lebanon,Grafton,October 1,October 31,$ 177,$ 74
236,NH,Lebanon / Lincoln / West Lebanon,Grafton,November 1,May 31,$ 142,$ 74
236,NH,Lebanon / Lincoln / West Lebanon,Grafton,June 1,September 30,$ 177,$ 74
237,NH,Manchester,Hillsborough,,,$ 130,$ 74
238,NH,Portsmouth,Rockingham,October 1,October 31,$ 171,$ 74
238,NH,Portsmouth,Rockingham,November 1,June 30,$ 129,$ 74
238,NH,Portsmouth,Rockingham,July 1,August 31,$ 192,$ 74
238,NH,Portsmouth,Rockingham,September 1,September 30,$ 171,$ 74
241,NJ,Cherry Hill / Moorestown,Camden / Burlington,,,$ 112,$ 80
242,NJ,Eatontown / Freehold,Monmouth,,,$ 146,$ 86
243,NJ,Edison / Piscataway,Middlesex ,,,$ 122,$ 80
244,NJ,Flemington,Hunterdon,,,$ 124,$ 80
246,NJ,Newark,Essex / Bergen / Hudson / Passaic,,,$ 156,$ 86
247,NJ,Parsippany,Morris,,,$ 143,$ 80
249,NJ,Princeton / Trenton,Mercer,,,$ 138,$ 86
248,NJ,Somerset,Somerset,,,$ 138,$ 80
250,NJ,Springfield / Cranford / New Providence,Union,,,$ 139,$ 80
251,NJ,Toms River,Ocean,October 1,June 30,$ 166,$ 74
251,NJ,Toms River,Ocean,July 1,August 31,$ 213,$ 74
251,NJ,Toms River,Ocean,September 1,September 30,$ 166,$ 74
252,NM,Albuquerque,Bernalillo,,,$ 144,$ 80
479,NM,Carlsbad,Eddy,,,$ 155,$ 74
254,NM,Santa Fe,Santa Fe,October 1,October 31,$ 167,$ 80
254,NM,Santa Fe,Santa Fe,November 1,December 31,$ 142,$ 80
254,NM,Santa Fe,Santa Fe,January 1,February 28,$ 122,$ 80
254,NM,Santa Fe,Santa Fe,March 1,September 30,$ 167,$ 80
423,NM,Taos,Taos,,,$ 128,$ 74
255,NV,Incline Village / Reno / Sparks,Washoe,October 1,June 30,$ 138,$ 80
255,NV,Incline Village / Reno / Sparks,Washoe,July 1,August 31,$ 184,$ 80
255,NV,Incline Village / Reno / Sparks,Washoe,September 1,September 30,$ 138,$ 80
256,NV,Las Vegas,Clark,October 1,December 31,$ 126,$ 86
256,NV,Las Vegas,Clark,January 1,March 31,$ 159,$ 86
256,NV,Las Vegas,Clark,April 1,September 30,$ 126,$ 86
258,NY,Albany,Albany,,,$ 117,$ 86
269,NY,Binghamton,Broome,,,$ 117,$ 74
260,NY,Buffalo,Erie,October 1,June 30,$ 126,$ 80
260,NY,Buffalo,Erie,July 1,August 31,$ 139,$ 80
260,NY,Buffalo,Erie,September 1,September 30,$ 126,$ 80
261,NY,Floral Park / Garden City / Great Neck,Nassau,,,$ 164,$ 86
262,NY,Glens Falls,Warren,October 1,June 30,$ 117,$ 86
262,NY,Glens Falls,Warren,July 1,August 31,$ 186,$ 86
262,NY,Glens Falls,Warren,September 1,September 30,$ 117,$ 86
277,NY,Ithaca,Tompkins,,,$ 144,$ 80
264,NY,Kingston,Ulster,,,$ 139,$ 86
265,NY,Lake Placid,Essex,October 1,February 28,$ 165,$ 86
265,NY,Lake Placid,Essex,March 1,June 30,$ 144,$ 86
265,NY,Lake Placid,Essex,July 1,August 31,$ 238,$ 86
265,NY,Lake Placid,Essex,September 1,September 30,$ 165,$ 86
266,NY,New York City,Bronx / Kings / New York / Queens / Richmond,October 1,December 31,$ 342,$ 92
266,NY,New York City,Bronx / Kings / New York / Queens / Richmond,January 1,February 28,$ 179,$ 92
266,NY,New York City,Bronx / Kings / New York / Queens / Richmond,March 1,June 30,$ 281,$ 92
266,NY,New York City,Bronx / Kings / New York / Queens / Richmond,July 1,August 31,$ 237,$ 92
266,NY,New York City,Bronx / Kings / New York / Queens / Richmond,September 1,September 30,$ 342,$ 92
267,NY,Niagara Falls,Niagara,October 1,May 31,$ 110,$ 80
267,NY,Niagara Falls,Niagara,June 1,August 31,$ 142,$ 80
267,NY,Niagara Falls,Niagara,September 1,September 30,$ 110,$ 80
268,NY,Nyack / Palisades,Rockland,,,$ 129,$ 80
270,NY,Poughkeepsie,Dutchess,,,$ 115,$ 80
271,NY,Riverhead / Ronkonkoma / Melville,Suffolk,,,$ 155,$ 86
272,NY,Rochester,Monroe,,,$ 132,$ 80
273,NY,Saratoga Springs / Schenectady,Saratoga / Schenectady,October 1,June 30,$ 126,$ 80
273,NY,Saratoga Springs / Schenectady,Saratoga / Schenectady,July 1,August 31,$ 214,$ 80
273,NY,Saratoga Springs / Schenectady,Saratoga / Schenectady,September 1,September 30,$ 126,$ 80
274,NY,Syracuse / Oswego,Onondaga / Oswego,,,$ 122,$ 80
275,NY,Tarrytown / White Plains / New Rochelle,Westchester,,,$ 161,$ 92
276,NY,Troy ,Rensselaer,,,$ 121,$ 80
278,NY,West Point,Orange,,,$ 123,$ 80
282,OH,Cincinnati,Hamilton / Clermont,,,$ 163,$ 86
283,OH,Cleveland,Cuyahoga,,,$ 159,$ 80
284,OH,Columbus,Franklin,,,$ 131,$ 80
285,OH,Dayton / Fairborn,Greene / Montgomery,,,$ 115,$ 74
287,OH,Hamilton,Butler / Warren,,,$ 124,$ 74
280,OH,Sandusky,Erie,October 1,November 30,$ 116,$ 68
280,OH,Sandusky,Erie,December 1,August 31,$ 144,$ 68
280,OH,Sandusky,Erie,September 1,September 30,$ 116,$ 68
295,OK,Oklahoma City,Oklahoma,,,$ 116,$ 80
298,OR,Beaverton,Washington,,,$ 132,$ 80
299,OR,Bend,Deschutes,October 1,May 31,$ 125,$ 86
299,OR,Bend,Deschutes,June 1,August 31,$ 192,$ 86
299,OR,Bend,Deschutes,September 1,September 30,$ 125,$ 86
300,OR,Clackamas,Clackamas,,,$ 136,$ 80
302,OR,Eugene / Florence,Lane,October 1,May 31,$ 132,$ 80
302,OR,Eugene / Florence,Lane,June 1,July 31,$ 192,$ 80
302,OR,Eugene / Florence,Lane,August 1,September 30,$ 162,$ 80
304,OR,Lincoln City,Lincoln,October 1,June 30,$ 120,$ 92
304,OR,Lincoln City,Lincoln,July 1,August 31,$ 167,$ 92
304,OR,Lincoln City,Lincoln,September 1,September 30,$ 120,$ 92
305,OR,Portland,Multnomah,,,$ 155,$ 86
306,OR,Seaside,Clatsop,October 1,June 30,$ 141,$ 86
306,OR,Seaside,Clatsop,July 1,August 31,$ 236,$ 86
306,OR,Seaside,Clatsop,September 1,September 30,$ 141,$ 86
307,PA,Allentown / Easton / Bethlehem,Lehigh / Northampton,,,$ 115,$ 74
313,PA,Bucks,Bucks,,,$ 119,$ 80
309,PA,Chester / Radnor / Essington,Delaware,,,$ 127,$ 80
311,PA,Gettysburg,Adams,October 1,October 31,$ 122,$ 68
311,PA,Gettysburg,Adams,November 1,March 31,$ 110,$ 68
311,PA,Gettysburg,Adams,April 1,September 30,$ 122,$ 68
312,PA,Harrisburg,Dauphin County excluding Hershey,,,$ 124,$ 74
489,PA,Hershey,Hershey,October 1,May 31,$ 145,$ 80
489,PA,Hershey,Hershey,June 1,August 31,$ 196,$ 80
489,PA,Hershey,Hershey,September 1,September 30,$ 145,$ 80
314,PA,Lancaster,Lancaster,,,$ 123,$ 74
315,PA,Malvern / Frazer / Berwyn,Chester,,,$ 118,$ 80
435,PA,Montgomery,Montgomery,,,$ 126,$ 80
317,PA,Philadelphia,Philadelphia,October 1,November 30,$ 218,$ 92
317,PA,Philadelphia,Philadelphia,December 1,March 31,$ 156,$ 92
317,PA,Philadelphia,Philadelphia,April 1,August 31,$ 187,$ 92
317,PA,Philadelphia,Philadelphia,September 1,September 30,$ 218,$ 92
318,PA,Pittsburgh,Allegheny,,,$ 138,$ 80
319,PA,Reading,Berks,,,$ 117,$ 74
321,PA,State College ,Centre,,,$ 124,$ 74
323,RI,Jamestown / Middletown / Newport,Newport ,October 1,October 31,$ 218,$ 80
323,RI,Jamestown / Middletown / Newport,Newport ,November 1,May 31,$ 141,$ 80
323,RI,Jamestown / Middletown / Newport,Newport ,June 1,August 31,$ 268,$ 80
323,RI,Jamestown / Middletown / Newport,Newport ,September 1,September 30,$ 218,$ 80
325,RI,Providence / Bristol,Providence / Bristol,,,$ 154,$ 80
326,SC,Charleston,Charleston / Berkeley / Dorchester,October 1,October 31,$ 244,$ 92
326,SC,Charleston,Charleston / Berkeley / Dorchester,November 1,February 28,$ 218,$ 92
326,SC,Charleston,Charleston / Berkeley / Dorchester,March 1,May 31,$ 288,$ 92
326,SC,Charleston,Charleston / Berkeley / Dorchester,June 1,September 30,$ 244,$ 92
327,SC,Columbia,Richland / Lexington,,,$ 115,$ 74
329,SC,Hilton Head,Beaufort,October 1,October 31,$ 163,$ 80
329,SC,Hilton Head,Beaufort,November 1,February 28,$ 118,$ 80
329,SC,Hilton Head,Beaufort,March 1,May 31,$ 193,$ 80
329,SC,Hilton Head,Beaufort,June 1,August 31,$ 215,$ 80
329,SC,Hilton Head,Beaufort,September 1,September 30,$ 163,$ 80
330,SC,Myrtle Beach,Horry,October 1,March 31,$ 110,$ 74
330,SC,Myrtle Beach,Horry,April 1,May 31,$ 132,$ 74
330,SC,Myrtle Beach,Horry,June 1,August 31,$ 182,$ 74
330,SC,Myrtle Beach,Horry,September 1,September 30,$ 110,$ 74
334,SD,Deadwood / Spearfish ,Lawrence,October 1,October 31,$ 140,$ 80
334,SD,Deadwood / Spearfish ,Lawrence,November 1,April 30,$ 110,$ 80
334,SD,Deadwood / Spearfish ,Lawrence,May 1,September 30,$ 140,$ 80
332,SD,Hot Springs,Fall River / Custer,October 1,May 31,$ 110,$ 74
332,SD,Hot Springs,Fall River / Custer,June 1,September 30,$ 161,$ 74
333,SD,Rapid City,Pennington,October 1,May 31,$ 110,$ 74
333,SD,Rapid City,Pennington,June 1,August 31,$ 158,$ 74
333,SD,Rapid City,Pennington,September 1,September 30,$ 110,$ 74
335,TN,Brentwood / Franklin,Williamson,,,$ 130,$ 86
336,TN,Chattanooga ,Hamilton,,,$ 117,$ 74
338,TN,Knoxville,Knox,,,$ 119,$ 74
339,TN,Memphis,Shelby,,,$ 129,$ 74
340,TN,Nashville,Davidson,October 1,October 31,$ 248,$ 86
340,TN,Nashville,Davidson,November 1,August 31,$ 217,$ 86
340,TN,Nashville,Davidson,September 1,September 30,$ 248,$ 86
342,TX,Arlington / Fort Worth / Grapevine,Tarrant County / City of Grapevine,,,$ 181,$ 80
343,TX,Austin,Travis,October 1,December 31,$ 173,$ 80
343,TX,Austin,Travis,January 1,March 31,$ 187,$ 80
343,TX,Austin,Travis,April 1,September 30,$ 173,$ 80
486,TX,Big Spring,Howard,,,$ 114,$ 68
346,TX,Dallas,Dallas ,October 1,December 31,$ 170,$ 80
346,TX,Dallas,Dallas ,January 1,March 31,$ 191,$ 80
346,TX,Dallas,Dallas ,April 1,September 30,$ 170,$ 80
348,TX,Galveston,Galveston,October 1,May 31,$ 111,$ 74
348,TX,Galveston,Galveston,June 1,July 31,$ 146,$ 74
348,TX,Galveston,Galveston,August 1,September 30,$ 111,$ 74
350,TX,Houston,Montgomery / Fort Bend / Harris,,,$ 128,$ 80
471,TX,Midland / Odessa,Midland / Andrews / Ector / Martin,October 1,October 31,$ 132,$ 74
471,TX,Midland / Odessa,Midland / Andrews / Ector / Martin,November 1,January 31,$ 118,$ 74
471,TX,Midland / Odessa,Midland / Andrews / Ector / Martin,February 1,September 30,$ 132,$ 74
492,TX,Pecos,Reeves,,,$ 121,$ 74
354,TX,Plano,Collin,,,$ 123,$ 80
356,TX,San Antonio,Bexar,October 1,January 31,$ 137,$ 74
356,TX,San Antonio,Bexar,February 1,March 31,$ 161,$ 74
356,TX,San Antonio,Bexar,April 1,September 30,$ 137,$ 74
357,TX,South Padre Island,Cameron,October 1,February 28,$ 118,$ 74
357,TX,South Padre Island,Cameron,March 1,July 31,$ 140,$ 74
357,TX,South Padre Island,Cameron,August 1,September 30,$ 118,$ 74
474,UT,Moab,Grand,October 1,October 31,$ 221,$ 86
474,UT,Moab,Grand,November 1,February 28,$ 110,$ 86
474,UT,Moab,Grand,March 1,June 30,$ 212,$ 86
474,UT,Moab,Grand,July 1,August 31,$ 166,$ 86
474,UT,Moab,Grand,September 1,September 30,$ 221,$ 86
360,UT,Park City,Summit,October 1,November 30,$ 221,$ 92
360,UT,Park City,Summit,December 1,March 31,$ 483,$ 92
360,UT,Park City,Summit,April 1,September 30,$ 221,$ 92
361,UT,Provo,Utah,,,$ 117,$ 74
362,UT,Salt Lake City,Salt Lake / Tooele,,,$ 142,$ 80
459,VA,Blacksburg,Montgomery,,,$ 122,$ 68
363,VA,Charlottesville,City of Charlottesville / Albemarle,,,$ 136,$ 80
428,VA,Loudoun,Loudoun,,,$ 115,$ 80
365,VA,Lynchburg,Campbell / Lynchburg City,October 1,May 31,$ 115,$ 68
365,VA,Lynchburg,Campbell / Lynchburg City,June 1,July 31,$ 110,$ 68
365,VA,Lynchburg,Campbell / Lynchburg City,August 1,September 30,$ 115,$ 68
368,VA,Richmond,City of Richmond,,,$ 157,$ 80
369,VA,Roanoke,City limits of Roanoke,,,$ 119,$ 74
371,VA,Virginia Beach,City of Virginia Beach,October 1,May 31,$ 124,$ 74
371,VA,Virginia Beach,City of Virginia Beach,June 1,August 31,$ 210,$ 74
371,VA,Virginia Beach,City of Virginia Beach,September 1,September 30,$ 124,$ 74
372,VA,Wallops Island,Accomack,October 1,June 30,$ 131,$ 68
372,VA,Wallops Island,Accomack,July 1,August 31,$ 248,$ 68
372,VA,Wallops Island,Accomack,September 1,September 30,$ 131,$ 68
374,VA,Williamsburg / York,James City / York Counties / City of Williamsburg,October 1,December 31,$ 115,$ 80
374,VA,Williamsburg / York,James City / York Counties / City of Williamsburg,January 1,March 31,$ 110,$ 80
374,VA,Williamsburg / York,James City / York Counties / City of Williamsburg,April 1,August 31,$ 134,$ 80
374,VA,Williamsburg / York,James City / York Counties / City of Williamsburg,September 1,September 30,$ 115,$ 80
377,VT,Burlington,Chittenden,October 1,October 31,$ 202,$ 86
377,VT,Burlington,Chittenden,November 1,April 30,$ 128,$ 86
377,VT,Burlington,Chittenden,May 1,September 30,$ 202,$ 86
378,VT,Manchester,Bennington,October 1,October 31,$ 220,$ 86
378,VT,Manchester,Bennington,November 1,July 31,$ 168,$ 86
378,VT,Manchester,Bennington,August 1,September 30,$ 220,$ 86
379,VT,Montpelier,Washington,October 1,October 31,$ 227,$ 74
379,VT,Montpelier,Washington,November 1,July 31,$ 167,$ 74
379,VT,Montpelier,Washington,August 1,September 30,$ 227,$ 74
380,VT,Stowe ,Lamoille,October 1,February 28,$ 185,$ 86
380,VT,Stowe ,Lamoille,March 1,May 31,$ 148,$ 86
380,VT,Stowe ,Lamoille,June 1,September 30,$ 185,$ 86
381,VT,White River Junction,Windsor,,,$ 144,$ 86
384,WA,Everett / Lynnwood,Snohomish,October 1,May 31,$ 113,$ 86
384,WA,Everett / Lynnwood,Snohomish,June 1,August 31,$ 140,$ 86
384,WA,Everett / Lynnwood,Snohomish,September 1,September 30,$ 113,$ 86
385,WA,Ocean Shores,Grays Harbor,October 1,June 30,$ 110,$ 86
385,WA,Ocean Shores,Grays Harbor,July 1,August 31,$ 132,$ 86
385,WA,Ocean Shores,Grays Harbor,September 1,September 30,$ 110,$ 86
386,WA,Olympia / Tumwater,Thurston,October 1,November 30,$ 128,$ 80
386,WA,Olympia / Tumwater,Thurston,December 1,June 30,$ 151,$ 80
386,WA,Olympia / Tumwater,Thurston,July 1,August 31,$ 175,$ 80
386,WA,Olympia / Tumwater,Thurston,September 1,September 30,$ 128,$ 80
387,WA,Port Angeles / Port Townsend,Clallam / Jefferson,October 1,June 30,$ 137,$ 92
387,WA,Port Angeles / Port Townsend,Clallam / Jefferson,July 1,August 31,$ 235,$ 92
387,WA,Port Angeles / Port Townsend,Clallam / Jefferson,September 1,September 30,$ 137,$ 92
475,WA,Richland / Pasco,Benton / Franklin,,,$ 130,$ 86
389,WA,Seattle,King,October 1,May 31,$ 188,$ 92
389,WA,Seattle,King,June 1,September 30,$ 248,$ 92
390,WA,Spokane,Spokane,,,$ 126,$ 86
391,WA,Tacoma,Pierce,,,$ 136,$ 86
392,WA,Vancouver,Clark / Cowlitz / Skamania,,,$ 155,$ 86
396,WI,Madison,Dane,October 1,October 31,$ 138,$ 80
396,WI,Madison,Dane,November 1,April 30,$ 110,$ 80
396,WI,Madison,Dane,May 1,September 30,$ 138,$ 80
397,WI,Milwaukee,Milwaukee,,,$ 140,$ 80
400,WI,Sturgeon Bay,Door,October 1,October 31,$ 133,$ 80
400,WI,Sturgeon Bay,Door,November 1,May 31,$ 110,$ 80
400,WI,Sturgeon Bay,Door,June 1,September 30,$ 133,$ 80
406,WV,Charles Town,Jefferson,,,$ 122,$ 68
403,WV,Charleston,Kanawha,,,$ 115,$ 68
408,WY,Cody,Park,October 1,May 31,$ 127,$ 74
408,WY,Cody,Park,June 1,September 30,$ 190,$ 74
409,WY,Jackson / Pinedale,Teton / Sublette,October 1,May 31,$ 212,$ 92
409,WY,Jackson / Pinedale,Teton / Sublette,June 1,September 30,$ 420,$ 92
